{"cameraMode":{"drawMode":0,"name":"Shaded","section":"Shading Mode"},"sceneLighting":true,"audioPlay":false,"sceneViewState":{"m_AlwaysRefresh":false,"showFog":true,"showSkybox":true,"showFlares":true,"showImageEffects":true,"showParticleSystems":true,"showVisualEffectGraphs":true,"m_FxEnabled":true},"in2DMode":false,"pivot":{"x":1098.5716552734375,"y":369.021728515625,"z":415.55877685546877},"rotation":{"x":0.01808447577059269,"y":-0.336121141910553,"z":0.006446950137615204,"w":0.9416313767433167},"size":510.59234619140627,"orthographic":false}